,ID,LatNP,Latitude,LonNP,Longitude,nasapid,geometry,aoi_area,2019-01-18,2019-01-23,2019-01-28,2019-02-02,2019-02-07,2019-02-12,2019-02-17,2019-02-22,2019-02-27,2019-03-04,2019-03-09,2019-03-14,2019-03-19,2019-03-24,2019-03-29,2019-04-03,2019-04-08,2019-04-13,2019-04-18,2019-04-23,2019-04-28,2019-05-03,2019-05-08,2019-05-13,2019-05-18,2019-05-23,2019-05-28,2019-06-02,2019-06-07,2019-06-12,2019-06-17,2019-06-22,2019-06-27,2019-07-02,2019-07-07,2019-07-12,2019-07-17,2019-07-22,2019-07-27,flooding_date
0,5505644,16.25,16.20833333,-16.25,-16.375,152968,"MULTIPOLYGON (((-15.916666666666686 16.25, -15.916666666666686 16.33333333333337, -15.833333333333314 16.33333333333337, -15.833333333333314 16.25, -15.916666666666686 16.25)))",1114.78,21.94,21.94,21.94,53.64,53.64,53.64,53.64,82.6,88.67,88.67,114.19,114.19,119.7,161.23,249.66,249.66,272.48,276.98,277.29,277.29,290.55,290.91,291,291,293.34,293.34,293.45,293.7,293.7,294.12,294.12,294.12,294.31,294.78,294.79,294.8,294.82,294.82,332.45,2027-02-19
1,5505643,16.25,16.20833333,-16.25,-16.45833333,152968,"MULTIPOLYGON (((-16 16.25, -16 16.33333333333337, -15.916666666666686 16.33333333333337, -15.916666666666686 16.25, -16 16.25)))",6401.76,0.11,0.11,0.11,0.72,0.72,0.72,0.72,0.72,0.72,0.72,0.72,0.72,0.72,3.02,3.02,3.02,3.02,3.02,4.61,4.61,4.78,4.79,4.99,4.99,14.06,14.06,14.06,14.09,14.09,14.09,14.09,14.09,14.09,14.27,19.67,19.9,20.66,20.66,20.66,2008-05-19
2,5505648,16.25,16.20833333,-16.25,-16.04166667,152968,"MULTIPOLYGON (((-16.416666666666686 16.166666666666686, -16.416666666666686 16.25, -16.333333333333314 16.25, -16.333333333333314 16.166666666666686, -16.416666666666686 16.166666666666686)))",6775.4400000000005,0,0,0,0,0,0,0,0,0,0,0,0,0,0,0,0,0,0,0,0,0,0,0,0,0,0,0,0,0,0,0,0,0,0,0,0,0,0,0,2018-01-19
3,5505647,16.25,16.20833333,-16.25,-16.125,152968,"MULTIPOLYGON (((-16.5 16.166666666666686, -16.5 16.25, -16.416666666666686 16.25, -16.416666666666686 16.166666666666686, -16.5 16.166666666666686)))",1883.63,0,0,0,0,0,0,0,0,0,0,0,0,0,0,0,0,0,0,0,0,0,0,0,0,0.09,0.09,0.09,0.09,0.09,0.09,0.09,0.09,0.09,0.09,0.09,0.09,0.09,0.09,0.09,2018-05-19
4,5505646,16.25,16.20833333,-16.25,-16.20833333,152968,"MULTIPOLYGON (((-15.5 16.583333333333314, -15.5 16.6666666666668, -15.416666666666686 16.6666666666668, -15.416666666666686 16.583333333333314, -15.5 16.583333333333314)))",223.70000000000002,48.06,48.06,48.06,61.3,61.3,61.3,61.3,61.49,73.8,73.8,139.1,139.1,155.37,188.31,251.51,251.51,264.97,264.97,264.97,264.97,289,289.99,290.38,290.38,292.93,292.93,293.57,294.09,294.09,294.17,294.17,294.17,294.6,294.8,294.8,296.1,296.1,296.1,296.54,2027-02-19
5,5505645,16.25,16.20833333,-16.25,-16.29166667,152968,"MULTIPOLYGON (((-16.08333333333337 16.166666666666686, -16.08333333333337 16.25, -16 16.25, -16 16.166666666666686, -16.08333333333337 16.166666666666686)))",6196.900000000001,9.45,9.45,9.45,23.61,23.61,23.61,23.61,154.12,218.61,218.61,303.34,303.34,315.97,354,413.16,413.16,460.84,465.09,466.27,466.27,482.53,484.65,486.29,486.29,487.66,487.66,487.71,487.95,487.95,487.99,487.99,487.99,488.09,488.33,488.33,488.87,488.87,488.87,512.08,2018-01-19
6,5518605,16.25,16.45833333,-16.25,-16.29166667,152968,"MULTIPOLYGON (((-16.16666666666663 16.166666666666686, -16.16666666666663 16.25, -16.08333333333337 16.25, -16.08333333333337 16.166666666666686, -16.16666666666663 16.166666666666686)))",8602.560000000001,20.51,20.51,20.51,25.31,25.31,25.31,25.31,59.79,59.79,103.5,189.34,189.34,349.91,403.02,403.02,403.02,427.16,427.16,427.16,427.16,430.71,430.71,431.63,431.63,435.35,438.05,438.09,438.53,438.53,439.21,439.21,439.21,440.75,441.73,441.73,441.8,441.8,441.8,441.8,2022-02-19
7,5501324,16.25,16.125,-16.25,-16.375,152968,"MULTIPOLYGON (((-16.25 16.166666666666686, -16.25 16.25, -16.16666666666663 16.25, -16.16666666666663 16.166666666666686, -16.25 16.166666666666686)))",8593.29,16.7,16.7,16.7,48.47,48.47,48.47,48.47,142.35,170.88,170.88,246.73,246.73,258.9,300.26,390.51,390.51,432,483.17,487.3,487.3,536.95,542.18,546.13,546.13,552.77,552.77,553.74,556.42,556.42,557.17,557.17,563.21,563.21,563.49,572.94,574,574,574,576.72,2027-07-19
8,5501323,16.25,16.125,-16.25,-16.45833333,152968,"MULTIPOLYGON (((-16.333333333333314 16.166666666666686, -16.333333333333314 16.25, -16.25 16.25, -16.25 16.166666666666686, -16.333333333333314 16.166666666666686)))",8602.560000000001,24.69,24.69,24.69,73.18,73.18,73.18,73.18,119.81,129.33,129.33,157.55,157.55,160.82,196.65,206.28,206.28,220.77,230.95,231.82,231.82,245.15,245.42,246.03,246.03,269.39,269.39,269.39,269.53,269.53,269.71,269.71,272.75,272.75,273.06,294.4,301.33,301.33,301.33,302.24,2002-02-19
9,5518608,16.25,16.45833333,-16.25,-16.04166667,152968,"MULTIPOLYGON (((-16.25 16.5, -16.25 16.583333333333314, -16.16666666666663 16.583333333333314, -16.16666666666663 16.5, -16.25 16.5)))",1952.7800000000002,19.45,19.45,19.45,51.53,51.53,51.53,51.53,746.24,746.24,1289.18,2092.71,2092.71,2407.18,2796.53,2796.53,2796.53,2953.23,2953.23,2953.23,2953.23,2964.79,2964.79,2967.15,2967.15,2984,2995.56,2996.08,2998.3,2998.3,2999.64,2999.64,2999.64,3002.38,3002.44,3002.44,3002.5,3002.5,3002.5,3002.55,2022-02-19
10,5518607,16.25,16.45833333,-16.25,-16.125,152968,"MULTIPOLYGON (((-16.333333333333314 16.5, -16.333333333333314 16.583333333333314, -16.25 16.583333333333314, -16.25 16.5, -16.333333333333314 16.5)))",865.6700000000001,22.84,22.84,22.84,56.69,56.69,56.69,56.69,621.03,621.03,1074.68,1893.19,1893.19,2236.88,2560.67,2560.67,2560.67,2847.39,2847.39,2847.39,2847.39,2872.52,2872.52,2878.45,2878.45,2894.91,2903.86,2903.93,2904.78,2904.78,2909.98,2909.98,2909.98,2913.3,2913.41,2913.41,2914.41,2914.41,2914.41,2914.41,2022-02-19
11,5518606,16.25,16.45833333,-16.25,-16.20833333,152968,"MULTIPOLYGON (((-15.916666666666686 16.5, -15.916666666666686 16.583333333333314, -15.833333333333314 16.583333333333314, -15.833333333333314 16.5, -15.916666666666686 16.5)))",948.7,12.97,12.97,12.97,30.19,30.19,30.19,30.19,72.74,72.74,107.39,330.02,330.02,404.52,482.89,482.89,482.89,505.19,505.19,505.19,505.19,506.72,506.72,507.25,507.25,509.24,510.28,510.52,510.77,510.77,511.41,511.41,511.41,511.41,511.57,511.57,511.57,511.57,511.57,511.57,2022-02-19
12,5501327,16.25,16.125,-16.25,-16.125,152968,"MULTIPOLYGON (((-16.16666666666663 16.5, -16.16666666666663 16.583333333333314, -16.08333333333337 16.583333333333314, -16.08333333333337 16.5, -16.16666666666663 16.5)))",4323.02,0,0,0,0,0,0,0,0,0,0,0,0,0,0,0,0,0,0,0,0,0,0,0,0,0,0,0,0,0,0,0,0,0,0,0,0,0,0,0,2018-01-19
13,5501326,16.25,16.125,-16.25,-16.20833333,152968,"MULTIPOLYGON (((-15.583333333333371 16.5, -15.583333333333371 16.583333333333314, -15.5 16.583333333333314, -15.5 16.5, -15.583333333333371 16.5)))",2145.3,13.94,13.94,13.94,25,25,25,25,25,25,25,25,25,25,25.01,25.01,25.01,25.01,25.01,25.01,25.01,25.01,25.01,25.01,25.01,25.01,25.01,25.01,25.01,25.01,25.01,25.01,25.01,25.01,25.01,25.01,25.01,25.01,25.01,25.01,2024-03-19
14,5501325,16.25,16.125,-16.25,-16.29166667,152968,"MULTIPOLYGON (((-15.666666666666629 16.5, -15.666666666666629 16.583333333333314, -15.583333333333371 16.583333333333314, -15.583333333333371 16.5, -15.666666666666629 16.5)))",1342.94,64.74,64.74,64.74,90.14,90.14,90.14,90.14,90.15,90.15,90.15,91.39,91.39,91.68,92.93,99.58,99.58,104.96,118.13,119.24,119.24,133.8,134.74,135.09,135.09,135.24,135.24,135.43,135.57,135.57,135.64,135.64,135.64,135.64,135.64,135.65,135.7,135.7,135.7,135.7,2029-03-19
15,5497004,16.25,16.04166667,-16.25,-16.375,152968,"MULTIPOLYGON (((-16.333333333333314 16.41666666666663, -16.333333333333314 16.5, -16.25 16.5, -16.25 16.41666666666663, -16.333333333333314 16.41666666666663)))",5120.33,12.13,12.13,12.13,34.97,34.97,34.97,34.97,42.45,43.37,43.37,46.77,46.77,47.26,48.62,53.09,53.09,54.23,59.69,59.88,59.88,65.63,66.69,68.41,68.41,70.97,70.97,72.33,75.38,75.38,76.69,76.69,82.24,82.24,82.24,86.02,86.91,86.91,86.91,86.95,2027-07-19
16,5514288,16.25,16.375,-16.25,-16.04166667,152968,"MULTIPOLYGON (((-15.833333333333314 16.5, -15.833333333333314 16.583333333333314, -15.75 16.583333333333314, -15.75 16.5, -15.833333333333314 16.5)))",236.44,37.2,37.2,37.2,109.94,109.94,109.94,109.94,497.63,497.63,772.07,1147.74,1147.74,1521.53,1970.49,1970.49,1970.49,2313.79,2313.79,2313.79,2313.79,2344.25,2344.25,2347.74,2347.74,2369.33,2386.73,2386.98,2387.87,2387.87,2388.57,2388.57,2388.57,2391.6,2391.78,2391.78,2392.12,2392.12,2392.12,2392.12,2004-03-19
17,5497003,16.25,16.04166667,-16.25,-16.45833333,152968,"MULTIPOLYGON (((-16.416666666666686 16.083333333333428, -16.416666666666686 16.166666666666686, -16.333333333333314 16.166666666666686, -16.333333333333314 16.083333333333428, -16.416666666666686 16.083333333333428)))",8602.560000000001,41.11,41.11,41.11,73.73,73.73,73.73,73.73,79.65,83.04,83.04,84.07,84.07,84.15,84.69,84.89,84.89,85.34,86.01,86.68,86.68,92.86,93.22,93.83,93.83,96.01,96.01,96.01,96.17,96.17,97.01,97.01,98.37,98.37,103.66,146.79,235.8,235.8,235.8,244.92,2022-06-19
18,5514287,16.25,16.375,-16.25,-16.125,152968,"MULTIPOLYGON (((-16 16.41666666666663, -16 16.5, -15.916666666666686 16.5, -15.916666666666686 16.41666666666663, -16 16.41666666666663)))",7911.6900000000005,24.58,24.58,24.58,107.34,107.34,107.34,107.34,594.16,594.16,937.89,1410.79,1410.79,1614.73,1819.6,1819.6,1819.6,2044.73,2044.73,2044.73,2044.73,2076.61,2076.61,2082.77,2082.77,2099.34,2110.16,2110.64,2111.76,2111.76,2113.39,2113.39,2113.39,2118.26,2127.82,2127.82,2146.39,2150.53,2150.53,2150.54,2004-03-19
19,5514286,16.25,16.375,-16.25,-16.20833333,152968,"MULTIPOLYGON (((-16.5 16.083333333333428, -16.5 16.166666666666686, -16.416666666666686 16.166666666666686, -16.416666666666686 16.083333333333428, -16.5 16.083333333333428)))",3556.02,130.97,130.97,130.97,180.68,180.68,180.68,180.68,371.59,371.59,493.06,798.11,798.11,896.72,1001.76,1001.76,1001.76,1035.84,1035.84,1035.84,1035.84,1044.64,1044.64,1045.39,1045.39,1047.63,1049.82,1050.06,1050.11,1050.11,1050.31,1050.31,1050.31,1051,1051.04,1051.04,1051.04,1056.8,1056.8,1057.39,2019-03-19
20,5514285,16.25,16.375,-16.25,-16.29166667,152968,"MULTIPOLYGON (((-15.416666666666686 16.5, -15.416666666666686 16.583333333333314, -15.333333333333258 16.583333333333314, -15.333333333333258 16.5, -15.416666666666686 16.5)))",2194.4900000000002,25.75,25.75,25.75,35.31,35.31,35.31,35.31,95.86,95.86,100.55,101.76,101.76,118.6,150.47,150.47,150.47,175.94,175.94,175.94,175.94,197.6,197.6,201.15,201.15,205.35,206.52,206.55,206.55,206.55,206.62,206.62,206.62,206.67,206.69,206.69,206.69,206.69,206.69,206.69,2022-02-19
21,5497006,16.25,16.04166667,-16.25,-16.20833333,152968,"MULTIPOLYGON (((-16.08333333333337 16.41666666666663, -16.08333333333337 16.5, -16 16.5, -16 16.41666666666663, -16.08333333333337 16.41666666666663)))",7465.620000000001,0,0,0,0,0,0,0,0,0,0,0,0,0,0,0,0,0,0,0,0,0,0,0,0,0,0,0,0,0,0,0,0,0,0,0,0,0,0,0,2018-01-19
22,5497005,16.25,16.04166667,-16.25,-16.29166667,152968,"MULTIPOLYGON (((-15.5 16.5, -15.5 16.583333333333314, -15.416666666666686 16.583333333333314, -15.416666666666686 16.5, -15.5 16.5)))",5720.01,3.4,3.4,3.4,9.35,9.35,9.35,9.35,9.81,9.89,9.89,9.9,9.9,9.99,10.6,15.25,15.25,16.49,27.98,27.98,27.98,39.16,40.38,42.74,42.74,45.31,45.31,45.45,47.09,47.09,48.47,48.47,49.15,49.15,49.15,49.24,49.24,49.24,49.24,49.67,2019-03-19
23,5509964,16.25,16.29166667,-16.25,-16.375,152968,"MULTIPOLYGON (((-16.16666666666663 16.41666666666663, -16.16666666666663 16.5, -16.08333333333337 16.5, -16.08333333333337 16.41666666666663, -16.16666666666663 16.41666666666663)))",8611.84,11.47,11.47,11.47,17.29,17.29,17.29,17.29,17.8,17.8,18.04,19.9,19.9,21.07,44.38,49.02,49.02,49.22,49.22,49.22,49.22,49.6,49.6,49.6,49.6,50.08,50.11,50.11,50.27,50.27,50.5,50.5,50.5,51.27,51.33,51.33,58.21,59.06,59.06,59.15,2027-07-19
24,5509968,16.25,16.29166667,-16.25,-16.04166667,152968,"MULTIPOLYGON (((-16.25 16.41666666666663, -16.25 16.5, -16.16666666666663 16.5, -16.16666666666663 16.41666666666663, -16.25 16.41666666666663)))",8602.560000000001,0,0,0,31.27,31.27,31.27,31.27,130.69,130.69,168.78,240.69,240.69,250.25,269.14,269.14,269.14,277.96,277.96,277.96,277.96,281.73,281.73,281.92,281.92,283.5,284.04,284.04,284.04,284.04,284.04,284.04,284.04,284.05,284.05,284.05,284.82,284.82,284.82,284.82,2002-02-19
25,5509967,16.25,16.29166667,-16.25,-16.125,152968,"MULTIPOLYGON (((-16.16666666666663 16.083333333333428, -16.16666666666663 16.166666666666686, -16.08333333333337 16.166666666666686, -16.08333333333337 16.083333333333428, -16.16666666666663 16.083333333333428)))",2231.1600000000003,35.32,35.32,35.32,139.67,139.67,139.67,139.67,270.73,275.98,319.12,424.32,424.32,511.14,584.05,589.29,589.29,643.86,643.86,643.86,643.86,646.64,646.65,649.67,649.67,656.22,660.46,660.5,660.92,660.92,661.14,661.14,661.14,661.79,662.25,662.25,669.53,671.62,671.62,671.63,2027-07-19
26,5509966,16.25,16.29166667,-16.25,-16.20833333,152968,"MULTIPOLYGON (((-15.666666666666629 16.41666666666663, -15.666666666666629 16.5, -15.583333333333371 16.5, -15.583333333333371 16.41666666666663, -15.666666666666629 16.41666666666663)))",2349.42,47.46,47.46,47.46,100.52,100.52,100.52,100.52,347.4,375.44,487.24,906.45,906.45,1115.15,1412.09,1503.98,1503.98,1722.42,1722.42,1722.42,1722.42,1818.52,1819.2,1826.08,1826.08,1839.22,1850.44,1850.65,1852.34,1852.34,1853.03,1853.03,1853.03,1854.6,1854.92,1854.92,1855.25,1855.49,1855.49,1855.51,2009-03-19
27,5509965,16.25,16.29166667,-16.25,-16.29166667,152968,"MULTIPOLYGON (((-16.25 16.083333333333428, -16.25 16.166666666666686, -16.16666666666663 16.166666666666686, -16.16666666666663 16.083333333333428, -16.25 16.083333333333428)))",6238.320000000001,143.23,143.23,143.23,716.29,716.29,716.29,716.29,1004.9,1100.46,1182.86,1319.68,1319.68,1345.59,1397.63,1557.73,1557.73,1649.96,1649.96,1649.96,1649.96,1712.25,1728.31,1740.07,1740.07,1754.3,1761.29,1762.7,1763.82,1763.82,1765.83,1765.83,1765.83,1767.98,1768.15,1768.15,1768.58,1768.77,1768.77,1774.08,2002-02-19
28,5509970,16.25,16.29166667,-15.75,-15.875,152969,"MULTIPOLYGON (((-15.75 16.41666666666663, -15.75 16.5, -15.666666666666629 16.5, -15.666666666666629 16.41666666666663, -15.75 16.41666666666663)))",2464.9700000000003,0,0,0,0,0,0,0,0,0,0,0,0,0,0,0,0,0,0,0,0,0,0,0,0,0,0,0,0,0,0,0,0,0,0,0,0,0,0,0,2018-01-19
29,5509969,16.25,16.29166667,-15.75,-15.95833333,152969,"MULTIPOLYGON (((-16.333333333333314 16.083333333333428, -16.333333333333314 16.166666666666686, -16.25 16.166666666666686, -16.25 16.083333333333428, -16.333333333333314 16.083333333333428)))",8611.84,0,0,0,0,0,0,0,0,0,0,0,0,0,0,0,0,0,0,0,0,0,0,0,0,0,0,0,0,0,0,0,0,0,0,0,0,0,0,0,2018-01-19
30,5518609,16.25,16.45833333,-15.75,-15.95833333,152969,"MULTIPOLYGON (((-15.833333333333314 16.41666666666663, -15.833333333333314 16.5, -15.75 16.5, -15.75 16.41666666666663, -15.833333333333314 16.41666666666663)))",2687.35,35.46,35.46,35.46,177.45,177.45,177.45,177.45,809.37,809.37,1008.01,1171.64,1171.64,1426.72,1628.6,1701.04,1701.04,1804.21,1804.21,1812.12,1812.12,1826.97,1830.15,1838.78,1838.78,1880.11,1892.72,1897.43,1900.83,1900.83,1902.38,1902.38,1902.38,1903.75,1904.6,1904.6,1906.04,1906.04,1906.04,1906.04,2022-02-19
31,5518613,16.25,16.45833333,-15.75,-15.625,152969,"MULTIPOLYGON (((-15.916666666666686 16.41666666666663, -15.916666666666686 16.5, -15.833333333333314 16.5, -15.833333333333314 16.41666666666663, -15.916666666666686 16.41666666666663)))",7730.150000000001,3.59,3.59,3.59,8.62,8.62,8.62,8.62,10.11,12.17,12.17,14.74,14.74,15.58,17.08,20.63,20.63,20.66,20.66,20.78,20.78,21.36,22.4,22.49,22.49,22.49,22.49,23.4,23.42,23.42,23.42,23.42,23.51,23.51,23.51,23.51,23.51,23.51,23.51,23.51,2002-02-19
32,5518612,16.25,16.45833333,-15.75,-15.70833333,152969,"MULTIPOLYGON (((-15.583333333333371 16.41666666666663, -15.583333333333371 16.5, -15.5 16.5, -15.5 16.41666666666663, -15.583333333333371 16.41666666666663)))",784.25,24.42,24.42,24.42,43.39,43.39,43.39,43.39,43.58,43.58,43.58,47.07,47.07,51.27,55.4,69.81,69.81,70.87,70.87,71.39,71.39,72.76,75.01,75.45,75.45,78.22,78.22,79.64,79.67,79.7,79.7,79.7,79.81,79.81,79.81,79.83,79.83,79.83,79.83,80.16,2027-07-19
33,5518611,16.25,16.45833333,-15.75,-15.79166667,152969,"MULTIPOLYGON (((-16.416666666666686 16, -16.416666666666686 16.083333333333428, -16.333333333333314 16.083333333333428, -16.333333333333314 16, -16.416666666666686 16)))",8566.460000000001,9.37,9.37,9.37,17.23,17.23,17.23,17.23,242.14,303.6,303.6,440.76,440.76,595.04,713.59,813.51,813.51,865.31,865.31,865.78,865.78,880.46,884.93,886.46,886.46,921.21,921.21,922.88,922.92,923.22,923.22,923.22,929.19,929.19,929.43,930.88,930.88,930.88,930.88,931.18,2027-07-19
34,5518610,16.25,16.45833333,-15.75,-15.875,152969,"MULTIPOLYGON (((-16.08333333333337 16.33333333333337, -16.08333333333337 16.41666666666663, -16 16.41666666666663, -16 16.33333333333337, -16.08333333333337 16.33333333333337)))",8602.560000000001,17.52,17.52,17.52,165.11,165.11,165.11,165.11,728.65,728.81,852.55,1070.61,1070.61,1444.48,2530.07,2947.87,2947.87,3420.26,3420.26,3521.29,3521.29,3542.9,3562.65,3565.2,3565.2,3650.55,3650.55,3669.41,3671.43,3671.71,3672.9,3672.9,3672.9,3677.49,3678.36,3678.36,3679.76,3679.76,3679.76,3679.76,2004-03-19
35,5518614,16.25,16.45833333,-15.75,-15.54166667,152969,"MULTIPOLYGON (((-16.5 16, -16.5 16.083333333333428, -16.416666666666686 16.083333333333428, -16.416666666666686 16, -16.5 16)))",7575.04,1.46,1.46,1.47,1.73,1.73,1.73,1.73,2.2,4.15,4.15,15.08,15.08,24.58,24.9,25.87,25.87,26,26.09,26.14,26.14,26.77,26.79,26.79,26.79,26.8,26.8,26.8,26.8,26.8,26.8,26.8,26.8,26.94,26.94,26.94,26.94,26.94,26.94,26.94,2027-02-19
36,5514292,16.25,16.375,-15.75,-15.70833333,152969,"MULTIPOLYGON (((-16.16666666666663 16.33333333333337, -16.16666666666663 16.41666666666663, -16.08333333333337 16.41666666666663, -16.08333333333337 16.33333333333337, -16.16666666666663 16.33333333333337)))",8602.560000000001,8.05,8.05,8.05,15.01,15.01,15.01,15.01,15.01,15.02,15.02,15.02,15.02,15.59,27.11,31.45,31.45,31.55,31.55,31.63,31.63,32.75,33.31,33.33,33.33,37.73,37.73,38.84,38.84,38.85,38.85,38.85,38.85,38.85,38.85,38.86,38.86,38.86,38.86,38.86,2018-01-19
37,5514291,16.25,16.375,-15.75,-15.79166667,152969,"MULTIPOLYGON (((-16.25 16.33333333333337, -16.25 16.41666666666663, -16.16666666666663 16.41666666666663, -16.16666666666663 16.33333333333337, -16.25 16.33333333333337)))",8593.29,6.69,6.69,6.69,15.53,15.53,15.53,15.53,43.63,52.88,52.88,58.26,58.26,75.62,134.83,202.4,202.4,233.36,233.36,234.22,234.22,235.55,237.23,237.55,237.55,284.04,284.04,285.08,285.13,285.39,285.39,285.39,285.39,285.39,285.39,285.41,285.41,285.41,285.41,285.52,2019-03-19
38,5514290,16.25,16.375,-15.75,-15.875,152969,"MULTIPOLYGON (((-16.333333333333314 16.33333333333337, -16.333333333333314 16.41666666666663, -16.25 16.41666666666663, -16.25 16.33333333333337, -16.333333333333314 16.33333333333337)))",8171.530000000001,1.21,1.21,1.21,18.03,18.03,18.03,18.03,271.51,271.51,369.5,456.73,456.73,506.31,581.77,652.43,652.43,656.32,656.32,656.52,656.52,657.91,658.46,658.59,658.59,662.22,662.22,663.84,663.87,663.87,663.87,663.87,663.87,663.88,663.88,663.88,663.98,663.98,663.98,663.98,2012-07-19
39,5514289,16.25,16.375,-15.75,-15.95833333,152969,"MULTIPOLYGON (((-15.75 16.33333333333337, -15.75 16.41666666666663, -15.666666666666629 16.41666666666663, -15.666666666666629 16.33333333333337, -15.75 16.33333333333337)))",1758,12.62,12.62,12.62,93.72,93.72,93.72,93.72,450.25,450.25,641.35,737.2,737.2,1137.59,1435.36,1466.05,1466.05,1707.04,1707.04,1708.44,1708.44,1754.46,1756.43,1760.89,1760.89,1789.39,1801.93,1808.4,1818.81,1818.81,1819.79,1819.79,1819.79,1821.37,1821.4,1821.4,1821.63,1821.63,1821.63,1821.78,2002-02-19
40,5492684,15.75,15.95833333,-16.25,-16.375,152248,"MULTIPOLYGON (((-16.25 16, -16.25 16.083333333333428, -16.16666666666663 16.083333333333428, -16.16666666666663 16, -16.25 16)))",150.92000000000002,9.68,9.68,9.68,12,12,12,12,12.1,12.1,12.1,12.1,12.1,12.1,12.14,12.46,12.46,12.48,12.86,12.86,12.86,13.27,13.54,13.56,13.56,13.56,13.56,13.56,13.56,13.56,13.57,13.57,13.61,13.61,13.61,13.63,14.01,14.01,14.01,14.01,2018-01-19
41,5492683,15.75,15.95833333,-16.25,-16.45833333,152248,"MULTIPOLYGON (((-15.833333333333314 16.33333333333337, -15.833333333333314 16.41666666666663, -15.75 16.41666666666663, -15.75 16.33333333333337, -15.833333333333314 16.33333333333337)))",3360.76,45.6,45.6,45.6,70.42,70.42,70.42,70.42,73.8,74.47,74.47,76.29,76.29,76.29,78.76,80.79,80.79,81.63,83.21,85.93,85.93,93.35,93.8,94.49,94.49,99.49,99.49,99.57,99.77,99.77,100.78,100.78,100.94,100.94,100.95,108.99,109.41,109.41,109.41,110.8,2002-06-19
42,5522926,16.75,16.54166667,-16.25,-16.20833333,153688,"MULTIPOLYGON (((-16.333333333333314 16, -16.333333333333314 16.083333333333428, -16.25 16.083333333333428, -16.25 16, -16.333333333333314 16)))",5625.43,16.28,16.28,16.28,25.92,25.92,25.92,25.92,101.97,101.97,119.41,343.21,343.21,412.59,456.09,456.09,456.09,468.63,468.63,468.63,468.63,469.88,469.88,471.18,471.18,472.52,473.31,473.33,473.89,473.89,475.52,475.52,475.52,475.52,475.85,475.85,475.85,475.85,475.85,475.85,2002-07-19
43,5522925,16.75,16.54166667,-16.25,-16.29166667,153688,"MULTIPOLYGON (((-15.916666666666686 16.33333333333337, -15.916666666666686 16.41666666666663, -15.833333333333314 16.41666666666663, -15.833333333333314 16.33333333333337, -15.916666666666686 16.33333333333337)))",7818.43,8.5,8.5,8.5,13.85,13.85,13.85,13.85,50.84,50.84,55.16,56.4,56.4,193.11,214.25,214.25,214.25,216.34,216.34,216.34,216.34,218.27,218.27,220.21,220.21,222.07,223.05,223.08,223.31,223.31,223.73,223.73,223.73,223.8,224.13,224.13,224.13,224.13,224.13,224.13,2018-01-19
44,5522927,16.75,16.54166667,-16.25,-16.125,153688,"MULTIPOLYGON (((-16 16.33333333333337, -16 16.41666666666663, -15.916666666666686 16.41666666666663, -15.916666666666686 16.33333333333337, -16 16.33333333333337)))",8593.29,16.55,16.55,16.55,44.4,44.4,44.4,44.4,210.17,210.17,298.73,419.64,419.64,498.37,657.61,657.61,657.61,765.05,765.05,765.05,765.05,778.09,778.09,783.91,783.91,805.77,816.92,817.69,817.92,817.92,833.94,833.94,833.94,834.81,834.83,834.83,835.07,835.07,835.07,835.07,2012-07-19
45,5522930,16.75,16.54166667,-15.75,-15.875,153689,"MULTIPOLYGON (((-16.416666666666686 16.25, -16.416666666666686 16.33333333333337, -16.333333333333314 16.33333333333337, -16.333333333333314 16.25, -16.416666666666686 16.25)))",2939.01,12.6,12.6,12.6,21.43,21.43,21.43,21.43,21.43,21.43,21.43,31.75,31.75,36.77,64.37,80.06,80.06,95.26,95.26,100.8,100.8,101.66,102.92,102.92,102.92,124.61,124.61,125.19,125.25,125.25,125.34,125.34,125.34,125.35,125.35,125.35,125.38,125.38,125.38,125.38,2008-04-19
46,5522934,16.75,16.54166667,-15.75,-15.54166667,153689,"MULTIPOLYGON (((-16.416666666666686 15.916666666666742, -16.416666666666686 16, -16.333333333333314 16, -16.333333333333314 15.916666666666742, -16.416666666666686 15.916666666666742)))",1657.0700000000002,26.69,26.69,30.07,31.25,31.64,33.27,33.27,38.29,41.56,41.56,50.96,50.96,56.65,56.92,102.71,102.71,103.19,106.5,110.42,110.42,114.98,116.4,116.4,116.4,117.02,117.02,117.32,117.32,117.36,117.36,117.36,117.36,117.36,117.36,117.38,117.38,117.38,117.38,117.52,2024-03-19
47,5522933,16.75,16.54166667,-15.75,-15.625,153689,"MULTIPOLYGON (((-16.08333333333337 16.25, -16.08333333333337 16.33333333333337, -16 16.33333333333337, -16 16.25, -16.08333333333337 16.25)))",8611.84,5.59,5.59,5.59,10.44,10.44,10.44,10.44,11.82,14.63,14.63,18.5,18.5,19.59,22.84,24.17,24.17,27.47,27.47,27.98,27.98,28.24,28.85,28.85,28.85,28.85,28.85,29.05,29.05,29.05,29.05,29.05,29.05,29.05,29.05,29.05,29.05,29.05,29.05,29.06,2018-01-19
48,5522931,16.75,16.54166667,-15.75,-15.79166667,153689,"MULTIPOLYGON (((-16.5 15.916666666666742, -16.5 16, -16.416666666666686 16, -16.416666666666686 15.916666666666742, -16.5 15.916666666666742)))",7811.43,2.47,2.47,2.47,6.29,6.29,6.29,6.29,6.29,6.29,6.29,6.3,6.3,6.3,6.37,9.03,9.03,9.52,9.52,9.52,9.52,9.52,9.75,9.75,9.75,10.02,10.02,10.18,10.18,10.18,10.18,10.18,10.22,10.22,10.22,10.22,10.22,10.22,10.22,10.22,2003-05-19
49,5527255,16.75,16.625,-15.25,-15.45833333,153690,"MULTIPOLYGON (((-16.16666666666663 16.25, -16.16666666666663 16.33333333333337, -16.08333333333337 16.33333333333337, -16.08333333333337 16.25, -16.16666666666663 16.25)))",8611.84,3.33,3.33,3.79,3.79,3.79,3.79,3.79,3.79,3.79,3.79,3.79,3.79,3.79,3.79,3.79,3.79,3.79,3.79,3.79,3.79,3.81,4,4,4,4,4,4,4,4,4,4,4,4,4,4,4,4,4,4,2003-05-19
50,5522936,16.75,16.54166667,-15.25,-15.375,153690,"MULTIPOLYGON (((-16.25 16.25, -16.25 16.33333333333337, -16.16666666666663 16.33333333333337, -16.16666666666663 16.25, -16.25 16.25)))",8602.560000000001,12.93,12.93,14.96,14.96,15.16,15.5,15.5,15.51,15.51,15.51,15.54,15.54,15.57,15.57,30.25,30.25,31.31,34.74,37.55,37.55,46.34,51.66,53.36,53.36,59.77,59.77,65.12,65.12,65.5,65.5,65.5,65.5,65.5,65.5,84.56,84.56,89.69,89.69,89.69,2017-07-19
51,5522935,16.75,16.54166667,-15.25,-15.45833333,153690,"MULTIPOLYGON (((-16.333333333333314 16.25, -16.333333333333314 16.33333333333337, -16.25 16.33333333333337, -16.25 16.25, -16.333333333333314 16.25)))",8611.84,12.74,12.74,15.9,15.9,16.94,20.81,20.81,22.5,27.6,27.6,56.36,56.36,84.62,84.62,260.43,260.43,420.57,468.84,533.1,533.1,575.83,588.66,589.54,589.54,600.19,600.19,600.71,600.71,603.45,603.45,603.92,604.08,604.08,604.08,604.11,604.11,604.13,604.13,604.88,2019-03-19
